Name,Type
Aba Panu,Chondrite
Abbott,Chondrite
Abee,Chondrite
Abernathy,Chondrite
Acapulco,Achondrite
Acfer,Chondrite
Achilles,Chondrite
Acme,Chondrite
Adams County,Chondrite
Addison,Chondrite
Admire,Pallasite
Adrian,Chondrite
Agen,Chondrite
Aggie Creek,Iron
Agoudal,Iron
Agoult,Achondrite
Aguada,Chondrite
Aguas Zarcas,Chondrite
Ahumada,Pallasite
Ainsworth,Iron
Ainsworth ,Iron
Aioun el Atrouss,Achondrite
Aiquile,Chondrite
Aïr,Chondrite
Akron ,Chondrite
Akwanga,Chondrite
Al Rais,Chondrite
Alais,Chondrite
Alamogordo,Chondrite
Alamosa,Chondrite
Albareto,Chondrite
Albin ,Pallasite
Albion,Iron
Aldama ,Iron
Aleppo,Chondrite
Alessandria,Chondrite
Alexander County,Iron
Alfianello,Chondrite
Allan Hills ,Chondrite
Allegan,Chondrite
Allende,Chondrite
Almahata Sitta,Achondrite
Alta'ameem,Chondrite
Altonah,Iron
Ambapur Nagla,Chondrite
Andover,Chondrite
Angers,Chondrite
Anoka,Iron
Anson,Chondrite
Anthony,Chondrite
Apache Junction,Iron
Appley Bridge,Chondrite
Apt,Chondrite
Arapahoe,Chondrite
Arbol Solo,Chondrite
Arcadia,Chondrite
Archie,Chondrite
Argonia,Pallasite
Arispe,Iron
Arlington,Iron
Arltunga,Iron
Armel,Chondrite
Arriba,Chondrite
Arroyo Aguiar,Chondrite
Ash Creek,Chondrite
Asheville,Iron
Ashfork,Iron
Ashmore,Chondrite
Assam,Chondrite
Assisi,Chondrite
Aswan,Iron
Atarra,Chondrite
Atemajac,Chondrite
Athens,Chondrite
Atlanta,Chondrite
Atwood,Chondrite
Aubres,Achondrite
Aubrey Hills,Chondrite
Auburn,Iron
Augustinovka,Iron
Aumale,Chondrite
Aumieres,Chondrite
Aurora,Chondrite
Ausson,Chondrite
Avanhandava,Chondrite
Axtell,Chondrite
Aztec,Chondrite
Babb's Mill ,Iron
Bachmut,Chondrite
Bacubirito,Iron
Bagdad,Iron
Bahjoi,Iron
Bald Eagle,Iron
Bald Mountain,Chondrite
Baldwyn,Chondrite
Balfour Downs,Iron
Ballinger,Iron
Ballinoo,Iron
Ban Cho Lae,Chondrite
Bandong,Chondrite
Banten,Chondrite
Barbotan,Chondrite
Barea,Mesosiderite
Barranca Blanca,Iron
Barratta,Chondrite
Barwell,Chondrite
Barwise,Chondrite
Bassikounou,Chondrite
Bath,Chondrite
Bath Furnace,Chondrite
Battle Mountain,Chondrite
Baxter,Chondrite
Bayard,Chondrite
Bear Creek,Iron
Bear Lodge,Iron
Beardsley,Chondrite
Beaver,Chondrite
Beaver Creek,Chondrite
Beeler,Chondrite
Beenham,Chondrite
Bella Roca,Iron
Belle Plaine,Chondrite
Bells,Chondrite
Belmont,Chondrite
Benares ,Chondrite
Bencubbin,Chondrite
Bendegó,Iron
Benedict,Iron
Benenitra,Chondrite
Benguerir,Chondrite
Benld,Chondrite
Bennett County,Iron
Benoni,Chondrite
Bensour,Chondrite
Benton,Chondrite
Béréba,Achondrite
Berlanguillas,Chondrite
Berthoud,Achondrite
Bethlehem,Chondrite
Bethune,Chondrite
Bholghati,Achondrite
Bialystok,Achondrite
Bielokrynitschie,Chondrite
Big Rock Ronga,Chondrite
Bilanga,Achondrite
Bilibino,Iron
Billings,Iron
Billygoat Donga,Chondrite
Bingera,Iron
Bischtübe,Iron
Bishop Canyon,Iron
Bishopville,Achondrite
Bishunpur,Chondrite
Bison,Chondrite
Bitburg,Iron
Bjurböle,Chondrite
Black Mountain,Iron
Blakeman,Chondrite
Blanket,Chondrite
Blansko,Chondrite
Bledsoe,Chondrite
Blithfield,Chondrite
Blue Eagle,Chondrite
Bluewater,Iron
Bluff ,Chondrite
Bocas,Chondrite
Bodaibo,Iron
Boerne,Chondrite
Boguslavka,Iron
Bohumilitz,Iron
Bolivia,Iron
Bondoc,Mesosiderite
Bonita Springs,Chondrite
Borgo San Donino,Chondrite
Bori,Chondrite
Boriskino,Chondrite
Borkut,Chondrite
Botetourt County,Iron
Bouse,Chondrite
Bouvante,Achondrite
Bovedy,Chondrite
Bowesmont,Chondrite
Boxhole,Iron
Brady,Chondrite
Brahin,Pallasite
Brainard,Iron
Braunau,Iron
Braunschweig,Chondrite
Breitscheid,Chondrite
Bremervörde,Chondrite
Brenham,Pallasite
Brewster,Chondrite
Bridgewater,Iron
Briggsdale,Iron
Briscoe,Chondrite
Bristol,Iron
Broken Bow,Chondrite
Brownell,Chondrite
Brownfield ,Chondrite
Bruceville,Chondrite
Bruderheim,Chondrite
Bruno,Iron
Buck Mountain Wash,Chondrite
Budulan,Mesosiderite
Buenaventura,Iron
Bumble Bee,Chondrite
Bur-Gheluai,Chondrite
Burdett,Chondrite
Burkett,Iron
Burlington,Iron
Burnabbie,Chondrite
Burns Flat,Chondrite
Bursa,Chondrite
Buschhof,Chondrite
Bushnell,Chondrite
Bustee,Achondrite
Butler,Iron
Butsura,Chondrite
Buzzard Coulee,Chondrite
Cabezo de Mayo,Chondrite
Cacaria,Iron
Cachari,Achondrite
Caddo County,Iron
Calama,Achondrite
Calico Rock,Iron
Calliham,Chondrite
Cambria,Iron
Camel Donga,Achondrite
Camp Creek,Chondrite
Campbellsville,Iron
Campo del Cielo,Iron
Çanakkale,Chondrite
Cañellas,Chondrite
Cangas de Onis,Chondrite
Canon City,Chondrite
Canton,Iron
Canyon City,Iron
Canyon Diablo,Iron
Canyon Diablo ,Iron
Canyonlands,Chondrite
Cape Girardeau,Chondrite
Cape of Good Hope,Iron
Cape York,Iron
Carancas,Chondrite
Carbo,Iron
Carichic,Chondrite
Carlton,Iron
Carnegie,Chondrite
Carraweena,Chondrite
Carthage,Iron
Carver,Iron
Casas Grandes,Iron
Casey County,Iron
Cashion,Chondrite
Casilda,Chondrite
Casimiro de Abreu,Iron
Castalia,Chondrite
Castine,Chondrite
Cat Mountain,Chondrite
Catalina,Chondrite
Cavour,Chondrite
Cedar ,Chondrite
Cedartown,Iron
Cee Vee,Chondrite
Centerville,Chondrite
Cereseto,Chondrite
Cerro los Calvos,Chondrite
Chainpur,Chondrite
Chajari,Chondrite
Chamberlin,Chondrite
Chandakapur,Chondrite
Chandler,Chondrite
Channing,Chondrite
Chantonnay,Chondrite
Charcas,Iron
Charcas ,Iron
Charlotte,Iron
Charsonville,Chondrite
Charwallas,Chondrite
Chassigny,Martian
Château-Renard,Achondrite
Chaves,Chondrite
Chela,Achondrite
Chelyabinsk,Chondrite
Chergach,Chondrite
Cherokee Springs,Chondrite
Chesterville,Chondrite
Chiang Khan,Iron
Chicago Valley,Chondrite
Chico Hills,Chondrite
Chicora,Chondrite
Chihuahua City,Chondrite
Chilkoot,Iron
Chinautla,Iron
Chinga,Iron
Chitado,Iron
Choteau,Chondrite
Chulafinnee,Pallasite
Chupaderos,Iron
Chupaderos ,Iron
Clarendon,Iron
Clareton,Chondrite
Clark County,Chondrite
Claxton,Iron
Claytonville,Chondrite
Cleburne,Chondrite
Cleveland,Iron
Clinton,Iron
Clover Springs,Iron
Clovis ,Mesosiderite
Coahuila,Chondrite
Coahuila ,Iron
Cobija,Iron
Cocklebiddy,Chondrite
Colby ,Chondrite
Cold Bokkeveld,Chondrite
Coldwater ,Chondrite
Colfax,Chondrite
Collescipoli,Iron
Colomera,Chondrite
Colonia Obrera,Iron
Colony,Iron
Concho,Chondrite
Cook ,Chondrite
Cook,Unknown
Coolac,Chondrite
Coolidge,Iron
Coomandook,Chondrite
Coon Butte,Chondrite
Coonana,Chondrite
Coopertown,Chondrite
Coorara,Iron
Cope,Chondrite
Copiapo,Chondrite
Cordes,Iron
Cordova prov.,Chondrite
Corowa,Iron
Correo,Iron
Cortez,Chondrite
Cosby's Creek,Chondrite
Costilla Peak,Iron
Cotesfield,Iron
Cottonwood,Chondrite
Covert,Chondrite
Coyote Spring,Chondrite
Crab Hole,Chondrite
Crab Orchard,Chondrite
Cranberry Plains,Mesosiderite
Cranbourne,Iron
Cranganore,Iron
Cratheús ,Chondrite
Crescent,Iron
Creston,Chondrite
Cross Roads,Chondrite
Crow Peak,Chondrite
Cruz del Aire,Iron
Culbertson,Iron
Cullison,Chondrite
Cumberland Falls,Chondrite
Cynthiana,Achondrite
D'Orbigny,Chondrite
Dale Dry Lake,Achondrite
Dalgaranga,Chondrite
Dalgety Downs,Mesosiderite
Dalhart,Chondrite
Dalton,Chondrite
Danby Dry Lake,Iron
Dandapur,Chondrite
Daniel's Kuil,Chondrite
Danville,Chondrite
Dar al Gani,Chondrite
Dar el Kahal,Chondrite
Daraj,Chondrite
Darmstadt,Chondrite
Dashoguz,Chondrite
Davy ,Chondrite
Dawn ,Chondrite
Dayton,Chondrite
De Nova,Iron
Deakin,Chondrite
Deal,Chondrite
Deep Springs,Chondrite
Delegate,Iron
Deming,Iron
Demsa,Chondrite
Densmore ,Chondrite
Denton County,Chondrite
Deport,Iron
Dexter,Iron
Dhajala,Iron
Dhofar,Chondrite
Dhurmsala,Achondrite
Diablo Pass,Chondrite
Dimboola,Chondrite
Dimitrovgrad,Chondrite
Dimmitt,Iron
Dingo Pup Donga,Chondrite
Dishchii'bikoh,Achondrite
Dispatch,Chondrite
Divnoe,Chondrite
Dix,Achondrite
Djati-Pengilon,Chondrite
Djebel In-Azzene,Chondrite
Djermaia,Iron
Dokachi,Chondrite
Domanitch,Chondrite
Dong Ujimqin Qi,Chondrite
Dora ,Mesosiderite
Doroninsk,Pallasite
Dos Cabezas,Chondrite
Dougherty,Chondrite
Doyleville,Chondrite
Drake Creek,Chondrite
Dresden ,Chondrite
Dronino,Chondrite
Drum Mountains,Iron
Dubrovnik,Iron
Duchesne,Chondrite
Duel Hill ,Iron
Dumont,Iron
Dungannon,Iron
Durala,Iron
Durango,Chondrite
Dwaleni,Iron
Dwight,Chondrite
Dyalpur,Chondrite
Eagle,Achondrite
Eagle Station,Chondrite
Eagles Nest,Pallasite
Edmond,Achondrite
Edmonson ,Chondrite
Efremovka,Chondrite
Eichstädt,Chondrite
El Burro,Chondrite
El Capitan,Iron
El Gouanem,Iron
El Mirage,Achondrite
El Paso,Iron
El Perdido,Chondrite
El Qoseir,Chondrite
El Sampal,Iron
Elba,Iron
Elbert,Chondrite
Elbogen,Chondrite
Elenovka,Iron
Eli Elwah,Chondrite
Elkhart,Chondrite
Ella Island,Chondrite
Ellerslie,Chondrite
Ellicott,Chondrite
Ellis County,Iron
Elm Creek,Chondrite
Elsinora,Chondrite
Elyria,Chondrite
Emery,Iron
Enon,Mesosiderite
Ensisheim,Iron
Ergheo,Chondrite
Erie,Chondrite
Erxleben,Chondrite
Esnandes,Chondrite
Esperance,Chondrite
Esquel,Chondrite
Essex,Pallasite
Estacado,Chondrite
Estherville,Chondrite
Ethiudna,Mesosiderite
Etter,Chondrite
Eunice,Chondrite
Eva,Chondrite
Fairfield,Chondrite
Fairview,Iron
Faith,Iron
Falsey Draw,Chondrite
Farley,Chondrite
Farmington,Chondrite
Farnum,Chondrite
Faucett,Chondrite
Favars,Chondrite
Fayetteville,Chondrite
Felix,Chondrite
Felt,Chondrite
Ferguson Switch,Chondrite
Finmarken,Chondrite
Finney,Pallasite
Fisher,Chondrite
Flagg,Chondrite
Flagler,Chondrite
Flandreau,Chondrite
Fleming,Chondrite
Florence,Chondrite
Floyd,Chondrite
Floydada,Chondrite
Floydada ,Iron
Fluvanna ,Chondrite
Forest City,Chondrite
Forest Vale,Chondrite
Forestburg ,Chondrite
Forksville,Chondrite
Forrest,Chondrite
Forsyth,Chondrite
Fort Pierre,Chondrite
Foster,Iron
Four Corners,Chondrite
Franceville,Iron
Franconia,Iron
Frankel City,Chondrite
Frankfort ,Chondrite
Franklin,Achondrite
Fremont Butte,Chondrite
Fukang,Chondrite
Fukutomi,Pallasite
Futtehpur,Chondrite
Fuzzy Creek,Chondrite
Gaines County Park,Iron
Galatia,Chondrite
Gambat,Chondrite
Gao-Guenie,Chondrite
Gao-Guenie ,Chondrite
Garnett,Chondrite
Garraf,Chondrite
Garrison,Chondrite
Gascoyne Junction,Chondrite
Gashua,Chondrite
Gaylord,Chondrite
Gebel Kamil,Chondrite
Georgetown ,Iron
Gerona,Iron
Ghubara,Chondrite
Gibeon,Chondrite
Gibson,Iron
Gifu,Achondrite
Gila Bend,Chondrite
Gilgoin,Chondrite
Girgenti,Chondrite
Git-Git,Chondrite
Gladstone ,Chondrite
Glen Rose ,Chondrite
Glendale,Iron
Glenormiston,Chondrite
Glorieta Mountain,Iron
Glorieta Mountain ,Pallasite
Gnadenfrei,Pallasite
Goalpara,Chondrite
Gobabeb,Achondrite
Gold Basin,Chondrite
Gomez,Chondrite
Goodland,Chondrite
Goose Creek,Chondrite
Goose Lake,Chondrite
Gove,Iron
Grady ,Unknown
Granada Creek,Chondrite
Grand Rapids,Chondrite
Grant,Iron
Grant ,Iron
Grant County,Iron
Grassland,Chondrite
Grayton,Chondrite
Great Bend,Chondrite
Greenwell Springs,Chondrite
Gressk,Chondrite
Gretna,Iron
Griffith,Chondrite
Grosnaja,Iron
Grüneberg,Chondrite
Gruver,Chondrite
Guadaloupe County,Chondrite
Guadalupe y Calvo,Iron
Guanghua,Iron
Guangrao,Iron
Guareña,Chondrite
Guffey,Chondrite
Guibga,Iron
Guilford County,Chondrite
Guin,Iron
Gujba,Iron
Gun Creek,Chondrite
Gundaring,Iron
Gütersloh,Iron
Haig,Chondrite
Hainholz,Iron
Hale Center ,Mesosiderite
Hallingeberg,Chondrite
Hamburg,Chondrite
Hamilton ,Chondrite
Hamlet,Chondrite
Hammadah al Hamra,Chondrite
Hammond,Chondrite
Hammond Downs,Iron
Hangman Crossing,Chondrite
Happy ,Chondrite
Happy Canyon,Chondrite
Haraiya,Chondrite
Hardesty,Achondrite
Harding County,Iron
Hardtner,Chondrite
Hardwick,Chondrite
Harleton,Chondrite
Harlowton,Chondrite
Harriman ,Iron
Harrison County,Iron
Harrisonville,Chondrite
Hart Camp,Chondrite
Hartley,Chondrite
Hartsel,Chondrite
Haskell,Chondrite
Hasparos,Chondrite
Hassayampa,Iron
Hat Creek,Chondrite
Hatfield,Chondrite
Haven,Iron
Havero,Chondrite
Haviland ,Achondrite
Hawk Springs,Chondrite
Haxtun,Chondrite
Hayes Center,Chondrite
Henbury,Chondrite
Henbury ,Iron
Hendersonville,Iron
Heredia,Chondrite
Hermitage Plains,Chondrite
Hessle,Chondrite
Hex River Mountains,Chondrite
High Island Creek,Iron
High Possil,Iron
Hildreth,Chondrite
Hoba,Chondrite
Hobbs,Iron
Holbrook,Chondrite
Holland's Store,Chondrite
Holly,Iron
Holyoke,Chondrite
Homestead,Chondrite
Honolulu,Chondrite
Hope Creek,Chondrite
Horace,Chondrite
Horse Creek,Chondrite
Howe,Iron
Hraschina,Chondrite
Hub,Iron
Huckitta,Chondrite
Hueco Tanks,Pallasite
Hughes,Chondrite
Hugo ,Achondrite
Hugoton,Chondrite
Huizopa,Chondrite
Hunter,Iron
Huntsman,Chondrite
Hvittis,Chondrite
Ibbenbüren,Chondrite
Ibitira,Achondrite
Idalia,Achondrite
Ikhrarene,Chondrite
Ilafegh,Chondrite
Imilac,Chondrite
Imilac ,Pallasite
Indarch,Pallasite
Independence,Chondrite
India ,Chondrite
Indian Butte,Chondrite
Indian Valley,Chondrite
Indianola,Iron
Ingalls,Chondrite
Ingella Station,Chondrite
Ipiranga,Chondrite
Iquique,Chondrite
Iredell,Iron
Iron Creek,Iron
Iron River,Iron
Isheyevo,Iron
Isna,Chondrite
Isoulane-n-Amahar,Chondrite
Itqiy,Chondrite
Itzawisis,Chondrite
Ivanpah,Pallasite
Ivuna,Iron
Jackalsfontein,Chondrite
Jackson County,Chondrite
Jajh deh Kot Lalu,Iron
Jbilet Winselwan,Chondrite
Jelica,Chondrite
Jenny's Creek,Chondrite
Jerome ,Iron
Jiddat al Harasis,Chondrite
Jilin,Mesosiderite
Joe Wright Mountain,Chondrite
Johnson City,Iron
Johnstown,Chondrite
Jonzac,Achondrite
Juancheng,Achondrite
Julesburg,Chondrite
Juncal,Chondrite
Juvinas,Iron
Kaalijarv,Achondrite
Kaba,Iron
Kabo,Chondrite
Kadonah,Chondrite
Kaffir ,Chondrite
Kainsaz,Chondrite
Kakowa,Chondrite
Kaldoonera Hill,Chondrite
Kalkaska,Chondrite
Kalumbi,Iron
Kalvesta,Chondrite
Kamargoan,Chondrite
Kamsagar,Chondrite
Kandahar ,Chondrite
Kapoeta,Chondrite
Karatu,Achondrite
Karavannoe,Chondrite
Kargapole,Pallasite
Karkh,Chondrite
Karoonda,Chondrite
Karval,Chondrite
Katagum,Chondrite
Katol,Chondrite
Kaufman,Chondrite
Kayakent,Chondrite
Kearney,Iron
Kediri,Chondrite
Keen Mountain,Chondrite
Kelly,Iron
Kendall County,Chondrite
Kendleton,Iron
Kenna,Chondrite
Kenna ,Achondrite
Kenton County,Chondrite
Kenton County ,Iron
Kerilis,Iron
Kermichel,Chondrite
Kernouve,Chondrite
Kesen,Chondrite
Keyes,Chondrite
Khairpur,Chondrite
Khanpur,Chondrite
Kharkov,Chondrite
Khetri,Chondrite
Khohar,Chondrite
Khor Temiki,Chondrite
Kiel,Achondrite
Kielpa,Chondrite
Kilabo,Chondrite
Kilbourn,Chondrite
Killeter,Chondrite
Kimble County,Chondrite
Kimbolton,Chondrite
Kingfisher,Chondrite
Kingston,Chondrite
Kissij,Iron
Klamath Falls,Chondrite
Klein-Wenden,Iron
Knowles,Chondrite
Knyahinya,Iron
Kodaikanal,Chondrite
Kofa,Iron
Kokstad,Iron
Korra Korrabes,Iron
Kosice,Chondrite
Krähenberg,Chondrite
Kramer Creek,Chondrite
Krasnojarsk,Chondrite
Kress ,Pallasite
Kuleschovka,Chondrite
Kulnine,Chondrite
Kumerina,Chondrite
Kunashak,Iron
Kunya-Urgench,Chondrite
Kuresoi,Chondrite
Kuttippuram,Chondrite
Kyancutta,Chondrite
Kybunga,Iron
Kyle,Chondrite
Kyushu,Chondrite
L'Aigle,Chondrite
La Banderia,Chondrite
La Bécasse,Chondrite
La Caille,Chondrite
La Ciénega,Iron
La Ciénega ,Chondrite
La Criolla,Chondrite
La Grange,Chondrite
La Lande,Iron
La Porte,Chondrite
La Primitiva,Iron
La Villa,Iron
La'gad,Chondrite
Laborel,Pallasite
Ladder Creek,Chondrite
Lafayette ,Chondrite
Laguna Manantiales,Martian
Lahmada,Iron
Lake Bonney,Chondrite
Lake Brown,Chondrite
Lake Labyrinth,Chondrite
Lake Murray,Chondrite
Laketon,Iron
Lakewood,Chondrite
Lamesa,Chondrite
Lancé,Iron
Lancon,Chondrite
Landes,Chondrite
Långhalsen,Iron
Langwies,Chondrite
Lanton,Chondrite
Lanxi,Iron
Las Canas,Chondrite
Laundry East,Achondrite
Laundry West,Chondrite
Lawrence,Chondrite
Lazbuddie,Chondrite
Le Pressoir,Chondrite
Le Teilleul,Chondrite
Leedey,Achondrite
Leighlinbridge,Chondrite
Leighton,Chondrite
Lenarto,Chondrite
Leoville,Iron
Leoville ,Chondrite
Lesves,Chondrite
Lewiston,Chondrite
Lexington County,Chondrite
Licking,Iron
Lider ,Iron
Lillaverke,Chondrite
Lime Creek,Chondrite
Limerick,Iron
Lincoln County,Chondrite
Linum,Chondrite
Linwood,Chondrite
Lipovsky,Iron
Lissa,Pallasite
LIttle Harquahala Mountains,Chondrite
Little Piney,Chondrite
Little River ,Chondrite
Little Spring Creek,Chondrite
Livingston ,Chondrite
Lixna,Iron
Llano River,Chondrite
Lockney,Iron
Locust Grove,Chondrite
Lodran,Iron
Logan,Achondrite
Lombard,Chondrite
Lonaconing,Iron
Lone Star,Iron
Lone Tree,Chondrite
Long Island,Chondrite
Loomis,Chondrite
Loongana,Chondrite
Loop,Chondrite
Loop ,Chondrite
Lorenzo,Chondrite
Loreto,Chondrite
Los Angeles,Iron
Los Lunas,Martian
Los Reyes,Achondrite
Los Vientos,Chondrite
Lost City,Achondrite
Lost Creek,Iron
Losttown,Chondrite
Łowicz,Chondrite
Lua,Iron
Lubbock,Mesosiderite
Lucé,Chondrite
Lucerne Valley,Chondrite
Lueders,Chondrite
Luis Lopez,Chondrite
Lujan,Iron
Lumpkin,Iron
Lundsgard,Iron
Luotolax,Chondrite
Luponnas,Chondrite
Lushton,Achondrite
Lusk,Chondrite
Macau,Chondrite
Macibini,Iron
Macy,Chondrite
Madoc,Achondrite
Madrid,Chondrite
Magura,Iron
Mainz,Chondrite
Malakal,Iron
Malotas,Chondrite
Maltahöhe,Chondrite
Manbhoom,Chondrite
Manegaon,Iron
Mangwendi,Chondrite
Manitouwabing,Achondrite
Manych,Chondrite
Mapleton,Iron
Maralinga,Chondrite
Marburg,Iron
Maria Elena ,Chondrite
Maribo,Pallasite
Maricopa,Iron
Maridi,Chondrite
Marilia,Chondrite
Marion ,Chondrite
Marjalahti,Chondrite
Marlow,Chondrite
Marshall County,Pallasite
Marsland,Chondrite
Mart,Iron
Maslyanino,Chondrite
Mässing,Iron
Mauerkirchen,Iron
Mayday,Achondrite
Mayfield,Chondrite
Mayo Belwa,Chondrite
Mayodan,Chondrite
Mazapil,Achondrite
Maziba,Iron
Mbale,Iron
Mbosi,Chondrite
McAddo,Chondrite
McCook,Iron
McCracken,Chondrite
McKenzie Draw ,Chondrite
McKinney,Chondrite
McLean,Chondrite
Mejillones,Chondrite
Melrose ,Chondrite
Melvern Lake,Iron
Menow,Chondrite
Merceditas,Chondrite
Mereta,Chondrite
Merua,Iron
Metsäkylä,Chondrite
Mezö-Madaras,Chondrite
Miami,Chondrite
Mifflin,Chondrite
Mighei,Chondrite
Milena,Chondrite
Miles,Chondrite
Millbillillie,Chondrite
Miller ,Iron
Mills,Chondrite
Milly Milly,Chondrite
Milton,Chondrite
Minas Gerais,Iron
Mincy,Pallasite
Minnesota ,Chondrite
Misshof,Iron
Mission,Chondrite
Misteca,Chondrite
Moapa Valley,Chondrite
Mocs,Iron
Moctezuma,Chondrite
Modoc ,Chondrite
Mohave Mountains,Chondrite
Mohawk,Chondrite
Mokoia,Chondrite
Molina,Iron
Molong,Chondrite
Monahans ,Chondrite
Monroe,Iron
Monte Milone,Chondrite
Monturaqui,Chondrite
Monze,Chondrite
Moorabie,Iron
Moore County,Chondrite
Mooresfort,Chondrite
Moradabad,Achondrite
Morasko,Chondrite
Moriarty,Chondrite
Morito,Iron
Morland,Chondrite
Morradal,Iron
Morrill,Chondrite
Morristown,Iron
Morton,Iron
Mosca,Mesosiderite
Moss,Chondrite
Mossgiel,Chondrite
Moti-ka-nagla,Chondrite
Motta di Conti,Chondrite
Mount Ayliff,Chondrite
Mount Baldr ,Chondrite
Mount Blanco,Iron
Mount Browne,Chondrite
Mount Dooling,Chondrite
Mount Dyrring,Chondrite
Mount Edith,Iron
Mount Egerton,Pallasite
Mount Joy,Iron
Mount Magnet,Achondrite
Mount Morris ,Iron
Mount Ouray,Iron
Mount Padbury,Iron
Mount Tazerzait,Iron
Mount Vernon,Mesosiderite
Mreïra,Chondrite
Muckera,Pallasite
Muddoor,Chondrite
Mukundpura,Achondrite
Mulberry Draw,Chondrite
Muleshoe,Chondrite
Mulga ,Chondrite
Mundrabilla,Chondrite
Mungindi,Chondrite
Muonionalusta,Iron
Murchison,Iron
Muroc,Iron
Muroc Dry Lake,Chondrite
Murphy,Chondrite
Murray,Chondrite
Muslyumovo,Iron
N'Goureyma,Chondrite
N'Kandhla,Chondrite
Nagaria,Iron
Nagy-Borové,Iron
Nakhla,Achondrite
Nakhon Pathom,Chondrite
Nammianthal,Martian
Nanjemoy,Chondrite
Nantan,Chondrite
Naoki,Chondrite
Naragh,Iron
Nardoo ,Chondrite
Narraburra,Chondrite
Naryilco,Chondrite
Näs,Iron
Nashville ,Chondrite
Navajo,Iron
Nazareth ,Chondrite
Needles,Chondrite
Neenach,Iron
Nejo,Iron
Nelson County,Chondrite
Nenntmannsdorf,Chondrite
Nerft,Iron
Ness County ,Iron
Netschaëvo,Chondrite
New Almelo,Chondrite
New Baltimore,Iron
New Concord,Chondrite
New Leipzig,Iron
New Mexico,Chondrite
New Orleans,Iron
New Raymer,Iron
Newport,Chondrite
Newsom,Chondrite
Nikolskoe,Pallasite
Nkayi,Chondrite
Nobleborough,Chondrite
Noblesville,Chondrite
Nocoleche,Achondrite
Nogoya,Chondrite
Norcateur,Iron
Nordheim,Chondrite
Norfolk,Chondrite
Norfork,Iron
North Chile,Iron
North Chile ,Iron
North Haig,Iron
Northwest Africa,Iron
Northwest africa,Chondrite
Norton County,Achondrite
Nothing,Chondrite
Novo-Urei,Achondrite
Noyan-Bogdo,Achondrite
Nuevo Mercurio,Iron
Nulles,Chondrite
O'Donnell,Achondrite
Oakley ,Chondrite
Oberlin,Chondrite
Obernkirchen,Martian
Ocate,Achondrite
Ochansk,Achondrite
Ocotillo,Iron
Octave Mine,Achondrite
Odessa ,Chondrite
Oesel,Chondrite
Ogallala,Chondrite
Ohaba,Chondrite
Ojuelos Altos,Iron
Okano,Iron
Okechobee,Chondrite
Okniny,Iron
Oktibbeha County,Chondrite
Old Homestead,Iron
Oldman Mountain,Iron
Olivenza,Chondrite
Oliver,Chondrite
Olmedilla de Alarcón,Iron
Orange River ,Chondrite
Orgueil,Chondrite
Orimattila,Iron
Orlovka,Chondrite
Ornans,Chondrite
Oroville,Iron
Orvinio,Achondrite
Osceola,Chondrite
Oscuro Mountains,Chondrite
Osseo,Chondrite
Oteroy,Chondrite
Otinapa,Iron
Otis,Chondrite
Ottawa,Chondrite
Ouadangou,Chondrite
Oubari,Chondrite
Oued Bourdim,Iron
Oum Dreyga,Chondrite
Ourique,Chondrite
Ouzina,Iron
Overland Park,Iron
Ovid,Chondrite
Ovid ,Pallasite
Owasco,Chondrite
Owens Valley,Chondrite
Ozona,Chondrite
Ozren,Chondrite
Pacula,Pallasite
Padvarninkai,Chondrite
Page City,Chondrite
Palo Blanco Creek,Chondrite
Palo Verde Mine,Chondrite
Paloduro,Chondrite
Pampa ,Chondrite
Pampa Providencia,Chondrite
Panhandle,Iron
Pantar,Chondrite
Paposo,Achondrite
Para de Minas,Iron
Paragould,Achondrite
Parambu,Chondrite
Paranaiba,Iron
Park,Chondrite
Park Forest,Chondrite
Parker,Chondrite
Parnallee,Iron
Pasamonte,Chondrite
Patos de Mina ,Chondrite
Patrimonio,Chondrite
Patwar,Iron
Pavlograd,Chondrite
Pavlovka,Chondrite
Paymaster Mine,Chondrite
Peace River,Chondrite
Peck's Spring,Chondrite
Peckelsheim,Chondrite
Pedernales,Chondrite
Peekskill,Achondrite
Peetz,Iron
Peña Blanca Spring,Chondrite
Peramiho,Mesosiderite
Perpeti,Chondrite
Perryton,Achondrite
Perryville,Chondrite
Pervomaisky,Chondrite
Pesyanoe,Chondrite
Petersburg,Achondrite
Pevensey,Iron
Phillips County ,Chondrite
Phum Sambo,Chondrite
Picacho,Achondrite
Pickens County,Achondrite
Pierceville ,Chondrite
Pillistfer,Iron
Pine Bluffs,Chondrite
Pine River,Achondrite
Pinnaroo,Achondrite
Piñon,Chondrite
Pinto Mountains,Pallasite
Pipe Creek,Chondrite
Pittsburg,Iron
Plains,Chondrite
Plainview ,Iron
Plantersville,Chondrite
Pleasanton,Iron
Plymouth,Mesosiderite
Pohlitz,Iron
Polujamki,Chondrite
Portales ,Chondrite
Portales Valley,Iron
Potter,Chondrite
Prairie Dog Creek,Chondrite
Pricetown,Chondrite
Primm,Chondrite
Puente del Zacate,Chondrite
Puente-Ladron,Chondrite
Puerto Lápice,Iron
Puerto Libertad,Chondrite
Pultusk,Chondrite
Puquios,Chondrite
Purmela,Chondrite
Putinga,Chondrite
Putnam County,Chondrite
Qidong,Chondrite
Quartz Mountain,Chondrite
Quartzsite,Iron
Quebrada Chimborazo,Chondrite
Queen's Mercy,Achondrite
Quenggouk,Chondrite
Queretaro,Chondrite
Quijingue,Iron
Quinn Canyon,Iron
Raco,Chondrite
Rakovka,Iron
Ramsdorf,Chondrite
Ranchapur,Iron
Rancho Blanco,Chondrite
Rancho de la Pila ,Chondrite
Rancho de la Presa,Chondrite
Rancho Gomelia,Chondrite
Rancho Gomelia ,Chondrite
Rangala,Pallasite
Ransom,Iron
Rawlinna,Chondrite
Red Canyon Lake,Chondrite
Red Dry Lake,Chondrite
Red River,Iron
Redfields,Chondrite
Reed City,Iron
Reid,Iron
Reliegos,Chondrite
Renazzo,Chondrite
Renfrow,Pallasite
Renqiu,Chondrite
Republican River,Chondrite
Rhineland,Chondrite
Rica Aventura,Chondrite
Rich Mountain,Iron
Richardton,Iron
Richfield,Iron
Richland,Achondrite
Richmond,Chondrite
Rifle,Chondrite
Rio Limay,Chondrite
Roach,Chondrite
Rochester,Chondrite
Rock Creek,Chondrite
Roda,Iron
Rodeo,Chondrite
Roebourne,Chondrite
Rolla ,Chondrite
Romero,Chondrite
Roosevelt,Chondrite
Roosevelt County,Chondrite
Rosamond Dry Lake,Chondrite
Rosario,Chondrite
Rose City,Chondrite
Rosebud,Chondrite
Roundup,Chondrite
Rowena,Chondrite
Roy ,Chondrite
Ruff's Mountain,Chondrite
Rupota,Chondrite
Rush County,Chondrite
Rush Creek,Chondrite
Russel Gulch,Iron
Sacramento Mountains,Chondrite
Sacramento Wash,Chondrite
Sahara,Chondrite
Saint-Séverin,Chondrite
Salaices,Chondrite
Salaices ,Chondrite
Salar de Imilac,Chondrite
Salina,Chondrite
Saline,Chondrite
Salla,Chondrite
Salles,Chondrite
Salt River,Mesosiderite
Sam's Valley,Unknown
Samelia,Achondrite
San Angelo,Chondrite
San Carlos,Chondrite
San Cristobal,Chondrite
San Emigdio,Chondrite
San Francisco Mountains,Iron
San Juan de Ocotán,Chondrite
San Pedro de Urabá,Chondrite
Sanderson,Chondrite
Sandia Mountains,Iron
Sandtown,Iron
Santa Apolonia,Iron
Santa Catharina,Iron
Santa Clara,Chondrite
Santa Cruz,Iron
Santa Luzia,Chondrite
Santa Rosa,Iron
Santa Rosalia,Chondrite
Santa Vitoria do Palmar,Chondrite
Santiago Papasquiero,Iron
Santo Antônio do Descoberto,Iron
Sao João Nepomuceno,Iron
Sao Julião de Moreira,Iron
Saratov,Iron
Sarepta,Iron
Sauceda de la Borda,Chondrite
Sauguis,Iron
Sayh al Uhaymir,Iron
Schönenberg,Iron
Schwetz,Chondrite
Scott City,Iron
Scottsville,Iron
Scurry,Achondrite
Seagraves ,Chondrite
Searsmont,Chondrite
Seelasgen,Achondrite
Seemore Downs,Achondrite
Segowlie,Achondrite
Seguin,Achondrite
Seibert ,Chondrite
Seligman,Iron
Selma,Chondrite
Semarkona,Iron
Seminole,Chondrite
Seminole ,Chondrite
Sena,Chondrite
Seneca,Iron
Seneca Falls,Chondrite
Seneca Township,Chondrite
Seoni,Chondrite
Seres,Chondrite
Sericho,Iron
Serra de Magé,Chondrite
Serra Pelada,Chondrite
Seth Ward,Chondrite
Sevilla,Chondrite
Sevrukovo,Chondrite
Seymchan,Chondrite
Shafter Lake,Chondrite
Shalka,Iron
Shallowater,Iron
Shaw,Chondrite
Shawnee,Chondrite
Shelburne,Pallasite
Shergotty,Achondrite
Shields,Achondrite
Shingle Springs,Chondrite
Shirahagi,Chondrite
Shisr,Chondrite
Shrewsbury,Pallasite
Shytal,Chondrite
Sidney,Achondrite
Siena,Achondrite
Sierra Colorada,Chondrite
Sierra County,Iron
Sikhote-Alin,Chondrite
Silver Bell,Martian
Silver Crown,Achondrite
Silverton ,Chondrite
Simbirsk ,Iron
Simmern,Iron
Simondium,Achondrite
Sindhri,Iron
Sioux County,Chondrite
Ski,Chondrite
Skookum ,Chondrite
Slavetic,Chondrite
Sleeper Camp,Iron
Slobodka,Iron
Slovak,Iron
Smith Center,Chondrite
Smith's Mountain,Chondrite
Smithland,Chondrite
Smithonia,Mesosiderite
Smithville,Chondrite
Smithville ,Achondrite
Snyder,Chondrite
Snyder Hill,Iron
Social Circle,Iron
Soko-Banja,Chondrite
Sombrerete,Chondrite
Somesbar,Chondrite
Songyuan,Chondrite
Soper,Chondrite
South Bend,Iron
South Byron,Iron
South Oman,Iron
Southern Arizona,Iron
Spade,Iron
Spearman,Chondrite
Springer,Chondrite
Springfield,Iron
Springlake,Chondrite
Springwater,Iron
Squaw Creek,Chondrite
St. Ann,Chondrite
St. Denis Westrem,Iron
St. Francois County,Pallasite
St. Genevieve County,Iron
St. Germain-du-Pinel,Chondrite
St. Lawrence,Iron
St. Louis,Chondrite
St. Mark's,Iron
St. Mesmin,Chondrite
St. Michel,Chondrite
St. Peter,Chondrite
Stalldalen,Pallasite
Stannern,Iron
Starvation Flat,Chondrite
Statesboro,Chondrite
Staunton,Iron
Stavropol,Iron
Steinbach,Chondrite
Sterley,Chondrite
Sterlitamak,Chondrite
Stoneham,Chondrite
Stonington,Chondrite
Sublette,Chondrite
Suizhou,Chondrite
Sulagiri,Chondrite
Sultanpur,Achondrite
Summerfield,Chondrite
Supuhee,Chondrite
Surprise Springs,Iron
Sutter's Mill,Chondrite
Sutton,Iron
Suwanee Spring,Pallasite
Tabarz,Iron
Tabor,Chondrite
Tadjera,Chondrite
Tafassasset,Chondrite
Tagish Lake,Chondrite
Tagounite,Chondrite
Taiban,Chondrite
Taiban ,Chondrite
Takenouchi,Chondrite
Talampaya,Iron
Talpa,Chondrite
Tamarugal,Chondrite
Tambo Quemado,Chondrite
Tamdakht,Iron
Tamentit,Chondrite
Tank Mountains,Chondrite
Tarkak,Chondrite
Tatahouine,Chondrite
Tauk,Iron
Tawallah Valley,Chondrite
Tazewell,Chondrite
Tell,Chondrite
Temple,Achondrite
Temple Bar,Chondrite
Tenham,Iron
Tennasilm,Iron
Ternera ,Chondrite
Texline,Iron
Thiel Mountains,Chondrite
Thika,Iron
Thuathe,Achondrite
Thule,Chondrite
Thumrayt,Iron
Thunda,Iron
Tiberrhamine,Chondrite
Tierra Blanca,Chondrite
Tilden,Chondrite
Timmersoi,Chondrite
Timochin,Chondrite
Tinnie,Iron
Tirhert,Chondrite
Tirupati,Pallasite
Tishomingo,Chondrite
Tissint,Chondrite
Tjabe,Iron
Tjerebon,Pallasite
Tlacotepec,Iron
Tobe,Chondrite
Tokio ,Achondrite
Toluca,Chondrite
Toluca ,Chondrite
Tomakovka,Achondrite
Tomatlan,Chondrite
Tombigbee River,Iron
Tomhannock Creek,Martian
Tonganoxie,Achondrite
Torrington,Chondrite
Toubil River,Chondrite
Toulon,Iron
Toulouse,Chondrite
Tourinnes-la-Grosse,Chondrite
Travis County ,Iron
Trenton,Iron
Trenzano,Iron
Tres Castillos,Iron
Treysa,Chondrite
Trilby Wash,Chondrite
Troup,Iron
Truckton,Chondrite
Tryon,Iron
Trysil,Chondrite
Tsarev,Iron
Tucson,Chondrite
Tulia ,Chondrite
Turtle Lake,Chondrite
Turtle River,Chondrite
Tuxtuac,Iron
Twentynine Palms,Chondrite
Two Buttes ,Iron
Twodot,Chondrite
Tysnes Island,Chondrite
Uberaba,Chondrite
Ucera,Chondrite
Udei Station,Chondrite
Uden,Chondrite
Uegit,Iron
Ulysses,Chondrite
Um Habib,Chondrite
Umbarger,Iron
Umm Ruaba,Chondrite
Union County,Chondrite
Unter-Mässing,Chondrite
Uruachic,Chondrite
Uruaçu,Chondrite
Ute Creek,Chondrite
Utrecht,Chondrite
Uvalde,Chondrite
Uwet,Iron
Vaca Muerta,Chondrite
Valera,Iron
Valley Wells,Chondrite
Veevers,Chondrite
Vera,Chondrite
Veramin,Chondrite
Verkhne Udinsk,Iron
Verkhnyi Saltov,Iron
Vermillion,Iron
Vernon County,Iron
Vicência,Chondrite
Viedma,Chondrite
Vigarano,Chondrite
Villa Coronado,Iron
Villa Natamoros,Mesosiderite
Viñales,Chondrite
Vishnupur,Chondrite
Vouillé,Iron
Vulcan,Chondrite
Vyatka,Mesosiderite
Wabar,Iron
Wabar ,Iron
Waconda,Pallasite
Wagon Mound,Chondrite
Wairarapa Valley,Chondrite
Waka,Chondrite
Waldo,Chondrite
Waldron Ridge,Chondrite
Walker County,Chondrite
Wallapai,Chondrite
Walltown,Chondrite
Walters,Chondrite
Waltman,Chondrite
Warburton Range,Chondrite
Warden,Iron
Wardswell Draw,Iron
Warm Springs Wilderness,Chondrite
Warrenton,Chondrite
Washougal,Chondrite
Waterville,Chondrite
Watson,Chondrite
Wayside,Iron
Weatherford,Iron
Weaver Mountains,Chondrite
Weekeroo Station,Chondrite
Weldona,Chondrite
Welland,Iron
Wellington,Chondrite
Wellman ,Chondrite
Wells,Achondrite
Wessely,Iron
West Forrest,Iron
West Point,Chondrite
West Reid,Chondrite
Western Arkansas,Chondrite
Weston,Iron
Whetstone Mountains,Iron
Whitecourt,Chondrite
Whitman,Iron
Wichita County,Chondrite
Wickenburg ,Chondrite
Wikieup,Chondrite
Wilburton,Chondrite
Wildara,Chondrite
Wiley,Chondrite
Willamette,Chondrite
Willard ,Chondrite
Willcox Playa,Iron
Williston,Chondrite
Willow Creek,Iron
Willowbar,Chondrite
Willowdale,Iron
Wilmot,Chondrite
Wiluna,Chondrite
Wimberley,Chondrite
Winner,Chondrite
Winona,Chondrite
Wittekrantz,Iron
Wold Cottage,Iron
Wolf Creek,Chondrite
Wolsey,Chondrite
Wonyulgunna,Mesosiderite
Wood's Mountain,Iron
Woodbine,Iron
Woodward County,Chondrite
Woolgorong,Chondrite
Wooramel,Chondrite
Wooster,Chondrite
Wray ,Iron
Wynella,Chondrite
Xining,Achondrite
Xiquipilco no.,Chondrite
Yamato,Chondrite
Yandama,Iron
Yanhuitlan,Iron
Yarle Lakes,Iron
Yarri,Iron
Yatoor,Chondrite
Yenberrie,Chondrite
Yilmia,Chondrite
Yocemento,Iron
Yonozu,Chondrite
York ,Chondrite
Yorktown ,Iron
Youanmi,Chondrite
Youndegin,Chondrite
Youndegin ,Iron
Ysleta,Chondrite
Yucca,Iron
Yurtuk,Chondrite
Zaborzika,Chondrite
Zacatecas ,Chondrite
Zaffra,Chondrite
Zag,Chondrite
Zag ,Iron
Zagami,Iron
Zagora,Iron
Zaisho,Iron
Zapaliname,Iron
Zaragoza,Chondrite
Zavid,Chondrite
Zebrak,Chondrite
Zemaitkiemis,Achondrite
Zenda,Chondrite
Zerhamra,Iron
Zhovtnevyi,Iron
Zmenj,Iron
Zomba,Chondrite
